{
    "settings": {
        "options": {
            "posts_per_page": "9",
            "stylesheet": "pub\/baskerville-2"
        },
        "theme_mods": {
            "0": false,
            "nav_menu_locations": {
                "menu-1": "primary"
            },
            "custom_logo": "https://headstartdata.files.wordpress.com/2017/02/logo21.png"
        },
        "headstart": {
            "mapped_id_options": [],
            "mapped_id_theme_mods": []
        }
    },
    "widgets": [
        {
            "id": "search-2",
            "id_base": "search",
            "settings": {
                "title": "Search"
            },
            "sidebar": "sidebar-1",
            "position": 0
        },
        {
            "id": "blog_subscription-3",
            "id_base": "blog_subscription",
            "settings": {
                "title": "Follow Blog via Email",
                "title_following": "You are following this blog",
                "subscribe_logged_in": "Click to follow this blog and receive notifications of new posts by email.",
                "subscribe_text": "Enter your email address to follow this blog and receive notifications of new posts by email.",
                "subscribe_button": "Follow",
                "show_subscribers_total": 1

            },
            "sidebar": "sidebar-1",
            "position": 1
        }
    ],
    "content": [
        {
            "post_title": "Contact",
            "post_content": "[contact-form][contact-field label=\"Name\" type=\"name\" required=\"1\"\/][contact-field label=\"Email\" type=\"email\" required=\"1\"\/][contact-field label=\"Comment\" type=\"textarea\" required=\"1\"\/][\/contact-form]",
            "post_status": "publish",
            "menu_order": 3,
            "comment_status": "closed",
            "ping_status": "closed",
            "post_type": "page",
            "hs_custom_meta": "_hs_contact_page",
            "hs_sharing": 0,
            "hs_like_status": 0,
            "attachment_url": "https:\/\/headstartdata.files.wordpress.com\/2016\/06\/person-smartphone-office-table.jpeg",
            "hs_old_id": 101
        },
        {
            "post_title": "The Journey Begins",
            "post_content": "Thanks for joining me! <blockquote>Good company in a journey makes the way seem shorter. — Izaak Walton<\/blockquote><img class=\"wp-image-7 size-full\" src=\"https://twentysixteendemo.files.wordpress.com/2015/11/post.png\" alt=\"post\" width=\"1000\" height=\"563\" \/>",
            "post_status": "publish",
            "comment_status": "open",
            "ping_status": "open",
            "post_type": "post",
            "hs_custom_meta": "_hs_first_post",
            "hs_sharing": 0,
            "hs_like_status": 0,
            "hs_old_id": 102
        }
    ]
}
